网络,电脑网络,0.8151545524597168
网络,网络是,0.7988758683204651
网络,网路,0.7900289297103882
招聘,公司招聘,0.8294761776924133
招聘,招聘信息,0.822708010673523
招聘,招人,0.8206996321678162
有意者,時髦,0.0
有意者,上门量,0.0
有意者,e8c,0.0
到货,发货,0.8222219944000244
到货,到货后,0.7875711917877197
到货,拿到货,0.7852848172187805
本店,我店,0.7687283158302307
本店,此店,0.7525600790977478
本店,贵店,0.7517759203910828
代购,找代购,0.8109166622161865
代购,淘宝代购,0.798048734664917
代购,国外代购,0.7944908142089844
扣扣,加我,0.8403292894363403
扣扣,你加我,0.7994939088821411
扣扣,扣号,0.7993916869163513
客服,找客服,0.861434280872345
客服,打客服电话,0.8556935787200928
客服,客服电话,0.8508734107017517
微店,微商城,0.801546573638916
微店,微信商城,0.7726678252220154
微店,线上商城,0.7667957544326782
兼职,做兼职,0.8501235246658325
兼职,兼职做,0.8405870199203491
兼职,兼职工作,0.8179595470428467
兼值,時髦,0.0
兼值,上门量,0.0
兼值,e8c,0.0
淘宝,淘宝网,0.9357336759567261
淘宝,淘宝上,0.9144985675811768
淘宝,拍拍网,0.8870800137519836
小姐,少爷,0.8711672425270081
小姐,夫人,0.8623160719871521
小姐,大小姐,0.8622609972953796
妓女,娼妓,0.8949927687644958
妓女,风尘女子,0.8549994230270386
妓女,嫖客,0.8238105773925781
包夜,包宿,0.8055850267410278
包夜,网吧包夜,0.781552255153656
包夜,开个房,0.7224089503288269
狼友,男人的福利,0.671684205532074
狼友,骚妇,0.6629220843315125
狼友,黄色导航,0.6624056100845337
技师,技工,0.7996149063110352
技师,高级技师,0.7904901504516602
技师,工程师,0.7347756624221802
推油,推油按摩,0.8398821949958801
推油,按摩推油,0.8302595019340515
推油,美女按摩,0.7952163815498352
胸推,臀推,0.7460675239562988
胸推,波推,0.7289357781410217
胸推,口活,0.7220830917358398
毒龙,魔龙,0.8261369466781616
毒龙,血魔,0.8245673179626465
毒龙,魔蛇,0.8089966773986816
口爆,吞精,0.8266521096229553
口爆,口爆吞精,0.7926153540611267
口爆,舔穴,0.7889651656150818
兼职,做兼职,0.8501235246658325
兼职,兼职做,0.8405870199203491
兼职,兼职工作,0.8179595470428467
楼凤,丝足,0.7266178131103516
楼凤,丝袜会所,0.7229558825492859
楼凤,爽记,0.7059252262115479
足交,舔逼,0.905678927898407
足交,插逼,0.8848170042037964
足交,乳交,0.8769077658653259
口暴,時髦,0.0
口暴,上门量,0.0
口暴,e8c,0.0
口交,肛交,0.7233460545539856
口交,乳交,0.6895977258682251
口交,女上位,0.6881535053253174
全套,整套,0.8412991762161255
全套,一套,0.7836014628410339
全套,一整套,0.7616817355155945
桑拿,洗桑拿,0.8333850502967834
桑拿,桑拿浴,0.8256303071975708
桑拿,沐足,0.7993025779724121
吞精,口爆,0.8266520500183105
吞精,舔阴,0.8224840760231018
吞精,舔穴,0.8185721635818481
咪咪,喵,0.7579123973846436
咪咪,蛋蛋,0.7527632117271423
咪咪,丁丁,0.7473340034484863
婊子,贱货,0.8457010984420776
婊子,贱人,0.778774619102478
婊子,贱女人,0.7782397866249084
乳方,時髦,0.0
乳方,上门量,0.0
乳方,e8c,0.0
操逼,乱伦操逼,0.7646313309669495
操逼,操屄,0.7586153149604797
操逼,大鸡巴操逼,0.7576166391372681
全职,兼职,0.7470524311065674
全职,专职,0.7356440424919128
全职,做全职,0.7351228594779968
性伴侣,性伴,0.826005220413208
性伴侣,性伙伴,0.7776867151260376
性伴侣,多个性伴侣,0.7774991989135742
网购,在网上买,0.8969491124153137
网购,网上买,0.8757159113883972
网购,淘宝网购,0.8709861040115356
网络工作,网络管理,0.745000422000885
网络工作,网上工作,0.7263237833976746
网络工作,互联网工作,0.7222627997398376
代理,做代理,0.8463304042816162
代理,代理商,0.8326709866523743
代理,公司代理,0.781251847743988
专业代理,专门代理,0.7648860812187195
专业代理,专业销售,0.7534539103507996
专业代理,代理进口,0.7328783869743347
帮忙点一下,時髦,0.0
帮忙点一下,上门量,0.0
帮忙点一下,e8c,0.0
帮忙点下,時髦,0.0
帮忙点下,上门量,0.0
帮忙点下,e8c,0.0
请点击进入,请登录,0.753993034362793
请点击进入,请查看,0.6997246742248535
请点击进入,请点击此处,0.687030017375946
私人侦探,私家侦探,0.9092153310775757
私人侦探,私家侦探调查,0.7679064273834229
私人侦探,婚姻调查,0.7650198936462402
私家侦探,私人侦探,0.9092151522636414
私家侦探,侦探公司,0.8158277869224548
私家侦探,婚姻调查,0.8153573870658875
针孔摄象,時髦,0.0
针孔摄象,上门量,0.0
针孔摄象,e8c,0.0
调查婚外情,時髦,0.0
调查婚外情,上门量,0.0
调查婚外情,e8c,0.0
信用卡提现,信用卡取现,0.8626062273979187
信用卡提现,信用卡刷卡,0.8217582106590271
信用卡提现,取现,0.81040358543396
无抵押贷款,个人无抵押贷款,0.9249777793884277
无抵押贷款,无抵押,0.920933187007904
无抵押贷款,小额无抵押贷款,0.915988028049469
广告代理,广告代理公司,0.7943755388259888
广告代理,广告代理商,0.7454525828361511
广告代理,媒体广告,0.7448227405548096
原音铃声,時髦,0.0
原音铃声,上门量,0.0
原音铃声,e8c,0.0
借腹生子,找人代孕,0.7746545076370239
借腹生子,找代孕,0.771560788154602
借腹生子,代孕,0.766990602016449
找个妈妈,時髦,0.0
找个妈妈,上门量,0.0
找个妈妈,e8c,0.0
找个爸爸,時髦,0.0
找个爸爸,上门量,0.0
找个爸爸,e8c,0.0
代孕妈妈,代孕者,0.8501349091529846
代孕妈妈,代孕母亲,0.8380464315414429
代孕妈妈,代孕,0.8243948817253113
代生孩子,代孕医院,0.9171000123023987
代生孩子,代孕需要多少钱,0.8973497152328491
代生孩子,代生小孩,0.891360342502594
代开发票,代开,0.8790252208709717
代开发票,代开增值税专用发票,0.8745924234390259
代开发票,申请代开,0.8712922930717468
腾讯客服电话,時髦,0.0
腾讯客服电话,上门量,0.0
腾讯客服电话,e8c,0.0
销售热线,全国销售热线,0.8466172814369202
销售热线,24小时销售热线,0.8278555870056152
销售热线,销售服务热线,0.8239155411720276
免费订购热线,時髦,0.0
免费订购热线,上门量,0.0
免费订购热线,e8c,0.0
低价出售,低价售卖,0.8684125542640686
低价出售,低价卖,0.8676590323448181
低价出售,低价处理,0.8594573140144348
款到发货,先款后货,0.809035062789917
款到发货,货到付款,0.7686740159988403
款到发货,现款现货,0.7579726576805115
回复可见,回复帖子,0.6966294050216675
回复可见,下载密码,0.6826221346855164
回复可见,隐藏内容,0.6691585183143616
连锁加盟,加盟连锁,0.9191468954086304
连锁加盟,品牌加盟,0.8562854528427124
连锁加盟,连锁加盟店,0.8559185862541199
加盟连锁,连锁加盟,0.9191467761993408
加盟连锁,连锁经营,0.8516948223114014
加盟连锁,品牌加盟,0.8379603624343872
免费二级域名,免费域名,0.8323966264724731
免费二级域名,免费的域名,0.8039896488189697
免费二级域名,asp空间,0.7729206085205078
免费使用,免费用,0.8710910677909851
免费使用,免费试用,0.8020800948143005
免费使用,使用免费,0.7878810167312622
免费索取,免费咨询,0.6025081872940063
免费索取,咨询报名,0.5944662094116211
免费索取,免费领取,0.5937276482582092
蚁力神,脑白金,0.6707576513290405
蚁力神,太太口服液,0.6656367778778076
蚁力神,太子奶,0.6441919207572937
婴儿汤,時髦,0.0
婴儿汤,上门量,0.0
婴儿汤,e8c,0.0
售肾,時髦,0.0
售肾,上门量,0.0
售肾,e8c,0.0
刻章办,時髦,0.0
刻章办,上门量,0.0
刻章办,e8c,0.0
买小车,买汽车,0.8007103204727173
买小车,买摩托车,0.7968462705612183
买小车,买轿车,0.7945083975791931
套牌车,套牌车辆,0.9148494601249695
套牌车,克隆车,0.8683375120162964
套牌车,使用假牌,0.8539367914199829
玛雅网,小77论坛,0.8101786375045776
玛雅网,唐人社区,0.8032275438308716
玛雅网,色片基地,0.8025344014167786
电脑传讯,時髦,0.0
电脑传讯,上门量,0.0
电脑传讯,e8c,0.0
视频来源,视频来自,0.8591094613075256
视频来源,转自,0.7906056642532349
视频来源,部分素材来源,0.7898198962211609
下载速度,上传速度,0.9250116944313049
下载速度,网速,0.8753169775009155
下载速度,网络速度,0.8629004955291748
高清在线,亚洲国产精品,0.6270556449890137
高清在线,综艺在线,0.6197368502616882
高清在线,高清全集,0.613278329372406
全集在线,時髦,0.0
全集在线,上门量,0.0
全集在线,e8c,0.0
在线播放,在线观看,0.7434449791908264
在线播放,在线看,0.7216863632202148
在线播放,在线视频,0.7099676132202148
用刀横向切腹,時髦,0.0
用刀横向切腹,上门量,0.0
用刀横向切腹,e8c,0.0
完全自杀手册,時髦,0.0
完全自杀手册,上门量,0.0
完全自杀手册,e8c,0.0
四海帮,三联帮,0.852449893951416
四海帮,天龙帮,0.8409475684165955
四海帮,飞鹰帮,0.8312710523605347
足球投注,网上投注,0.8274694681167603
足球投注,足球网上投注,0.8195413947105408
足球投注,足球投注平台,0.8195050954818726
地下钱庄,非法资金,0.7749346494674683
地下钱庄,洗钱,0.7535253763198853
地下钱庄,跨境赌博,0.7328153848648071
中国复兴党,時髦,0.0
中国复兴党,上门量,0.0
中国复兴党,e8c,0.0
阿波罗网,大选舞弊,0.5886337757110596
阿波罗网,中国禁闻,0.5804171562194824
阿波罗网,支持川普,0.5745233297348022
曾道人,曾道长,0.87345290184021
曾道人,一肖一码,0.871748685836792
曾道人,金光佛,0.8683690428733826
六合彩,地下六合彩,0.8592002391815186
六合彩,私彩,0.7948281168937683
六合彩,赌博机,0.731804609298706
改卷内幕,時髦,0.0
改卷内幕,上门量,0.0
改卷内幕,e8c,0.0
替考试,時髦,0.0
替考试,上门量,0.0
替考试,e8c,0.0
隐形耳机,時髦,0.0
隐形耳机,上门量,0.0
隐形耳机,e8c,0.0
出售答案,時髦,0.0
出售答案,上门量,0.0
出售答案,e8c,0.0
考中答案,時髦,0.0
考中答案,上门量,0.0
考中答案,e8c,0.0
资金周转,周转资金,0.8869129419326782
资金周转,资金周转问题,0.8727472424507141
资金周转,现金周转,0.8706771731376648
救市,政府救市,0.8502188920974731
救市,救市政策,0.8365853428840637
救市,出手救市,0.8266141414642334
股市圈钱,時髦,0.0
股市圈钱,上门量,0.0
股市圈钱,e8c,0.0
崩盘,大崩盘,0.8689613342285156
崩盘,全面崩盘,0.8543469905853271
崩盘,彻底崩盘,0.8482373356819153
资金短缺,资金紧缺,0.9455318450927734
资金短缺,资金困难,0.914309024810791
资金短缺,资金紧张,0.9067295789718628
证监会,中国证监会,0.8917308449745178
证监会,上交所,0.8616352677345276
证监会,证监会发布,0.8234632611274719
质押贷款,质押融资,0.8576581478118896
质押贷款,抵押融资,0.8127164840698242
质押贷款,抵质押,0.8058173060417175
小额贷款,无抵押贷款,0.9003565311431885
小额贷款,小额信用贷款,0.885309636592865
小额贷款,信用贷款,0.871148407459259
周小川,易纲,0.854682207107544
周小川,楼继伟,0.8527289032936096
周小川,肖钢,0.8392482399940491
刘明康,周小川,0.6929827332496643
刘明康,戴相龙,0.6767941117286682
刘明康,肖钢,0.6706780195236206
尚福林,阎庆民,0.8367425799369812
尚福林,肖钢,0.8249662518501282
尚福林,郭树清,0.8175738453865051
孔丹,冯俊,0.6648547649383545
孔丹,胡德平,0.6469696760177612
孔丹,马骏,0.6440041065216064
代办发票,時髦,0.0
代办发票,上门量,0.0
代办发票,e8c,0.0
代办学,時髦,0.0
代办学,上门量,0.0
代办学,e8c,0.0
代办制,全程帮办,0.8420224785804749
代办制,全程代办,0.8375102877616882
代办制,帮办代办,0.8311616778373718
代表烦,時髦,0.0
代表烦,上门量,0.0
代表烦,e8c,0.0
代理发票,時髦,0.0
代理发票,上门量,0.0
代理发票,e8c,0.0
代理票据,時髦,0.0
代理票据,上门量,0.0
代理票据,e8c,0.0
代您考,時髦,0.0
代您考,上门量,0.0
代您考,e8c,0.0
代您考,時髦,0.0
代您考,上门量,0.0
代您考,e8c,0.0
代写毕,時髦,0.0
代写毕,上门量,0.0
代写毕,e8c,0.0
代写论,時髦,0.0
代写论,上门量,0.0
代写论,e8c,0.0
代孕,找人代孕,0.8758630156517029
代孕,代孕妈妈,0.8243948817253113
代孕,找代孕,0.8161378502845764
售步枪,時髦,0.0
售步枪,上门量,0.0
售步枪,e8c,0.0
售纯度,時髦,0.0
售纯度,上门量,0.0
售纯度,e8c,0.0
售单管,時髦,0.0
售单管,上门量,0.0
售单管,e8c,0.0
售弹簧刀,時髦,0.0
售弹簧刀,上门量,0.0
售弹簧刀,e8c,0.0
售防身,時髦,0.0
售防身,上门量,0.0
售防身,e8c,0.0
售狗子,時髦,0.0
售狗子,上门量,0.0
售狗子,e8c,0.0
售虎头,時髦,0.0
售虎头,上门量,0.0
售虎头,e8c,0.0
售火药,時髦,0.0
售火药,上门量,0.0
售火药,e8c,0.0
售假币,時髦,0.0
售假币,上门量,0.0
售假币,e8c,0.0
售健卫,時髦,0.0
售健卫,上门量,0.0
售健卫,e8c,0.0
售军用,時髦,0.0
售军用,上门量,0.0
售军用,e8c,0.0
售猎枪,時髦,0.0
售猎枪,上门量,0.0
售猎枪,e8c,0.0
售氯胺,時髦,0.0
售氯胺,上门量,0.0
售氯胺,e8c,0.0
售麻醉,時髦,0.0
售麻醉,上门量,0.0
售麻醉,e8c,0.0
售冒名,時髦,0.0
售冒名,上门量,0.0
售冒名,e8c,0.0
售枪支,時髦,0.0
售枪支,上门量,0.0
售枪支,e8c,0.0
售热武,時髦,0.0
售热武,上门量,0.0
售热武,e8c,0.0
售三棱,時髦,0.0
售三棱,上门量,0.0
售三棱,e8c,0.0
售手枪,時髦,0.0
售手枪,上门量,0.0
售手枪,e8c,0.0
售五四,時髦,0.0
售五四,上门量,0.0
售五四,e8c,0.0
售信用,時髦,0.0
售信用,上门量,0.0
售信用,e8c,0.0
售一元硬,時髦,0.0
售一元硬,上门量,0.0
售一元硬,e8c,0.0
售子弹,時髦,0.0
售子弹,上门量,0.0
售子弹,e8c,0.0
售左轮,時髦,0.0
售左轮,上门量,0.0
售左轮,e8c,0.0
代办证件,時髦,0.0
代办证件,上门量,0.0
代办证件,e8c,0.0
代办,办理,0.8183673024177551
代办,代为办理,0.8163535594940186
代办,委托办理,0.799853503704071
代办二代身份证,時髦,0.0
代办二代身份证,上门量,0.0
代办二代身份证,e8c,0.0
代办二代防伪身份证,時髦,0.0
代办二代防伪身份证,上门量,0.0
代办二代防伪身份证,e8c,0.0
代办假证学历证,時髦,0.0
代办假证学历证,上门量,0.0
代办假证学历证,e8c,0.0
代办各类证件,時髦,0.0
代办各类证件,上门量,0.0
代办各类证件,e8c,0.0
代办国外文凭,海外学历认证,0.7264952659606934
代办国外文凭,国外文凭,0.6357829570770264
代办国外文凭,宏洋,0.5993467569351196
代办学位证,時髦,0.0
代办学位证,上门量,0.0
代办学位证,e8c,0.0
代办文凭,時髦,0.0
代办文凭,上门量,0.0
代办文凭,e8c,0.0
代办文凭学历学籍档案,時髦,0.0
代办文凭学历学籍档案,上门量,0.0
代办文凭学历学籍档案,e8c,0.0
代办签证,签证代办,0.7420130372047424
代办签证,旅行社代办,0.7324163317680359
代办签证,签证办理,0.7173963785171509
代办警官证,時髦,0.0
代办警官证,上门量,0.0
代办警官证,e8c,0.0
代办证件,時髦,0.0
代办证件,上门量,0.0
代办证件,e8c,0.0
代办证件上网文凭,時髦,0.0
代办证件上网文凭,上门量,0.0
代办证件上网文凭,e8c,0.0
代办证件学位认证,時髦,0.0
代办证件学位认证,上门量,0.0
代办证件学位认证,e8c,0.0
代办证件学历认证,時髦,0.0
代办证件学历认证,上门量,0.0
代办证件学历认证,e8c,0.0
代办证件车牌执照,時髦,0.0
代办证件车牌执照,上门量,0.0
代办证件车牌执照,e8c,0.0
代办证件,時髦,0.0
代办证件,上门量,0.0
代办证件,e8c,0.0
代卖发票,時髦,0.0
代卖发票,上门量,0.0
代卖发票,e8c,0.0
代售发票,時髦,0.0
代售发票,上门量,0.0
代售发票,e8c,0.0
代开,代开发票,0.8790251016616821
代开,劳务发票,0.8355652093887329
代开,开普通发票,0.8296164274215698
代开上海各种行业发票,時髦,0.0
代开上海各种行业发票,上门量,0.0
代开上海各种行业发票,e8c,0.0
代开全国各地各行各业,時髦,0.0
代开全国各地各行各业,上门量,0.0
代开全国各地各行各业,e8c,0.0
代开北京地税发票,時髦,0.0
代开北京地税发票,上门量,0.0
代开北京地税发票,e8c,0.0
代开发嘌,時髦,0.0
代开发嘌,上门量,0.0
代开发嘌,e8c,0.0
代开发票,代开,0.8790252208709717
代开发票,代开增值税专用发票,0.8745924234390259
代开发票,申请代开,0.8712922930717468
代开发票咨询电话,時髦,0.0
代开发票咨询电话,上门量,0.0
代开发票咨询电话,e8c,0.0
代开发票,代开,0.8790252208709717
代开发票,代开增值税专用发票,0.8745924234390259
代开发票,申请代开,0.8712922930717468
代开咨询发票,時髦,0.0
代开咨询发票,上门量,0.0
代开咨询发票,e8c,0.0
代开商业发票,時髦,0.0
代开商业发票,上门量,0.0
代开商业发票,e8c,0.0
代开商品发票,時髦,0.0
代开商品发票,上门量,0.0
代开商品发票,e8c,0.0
代开国税发票,時髦,0.0
代开国税发票,上门量,0.0
代开国税发票,e8c,0.0
代开国际货运发票,時髦,0.0
代开国际货运发票,上门量,0.0
代开国际货运发票,e8c,0.0
代开地税发票,時髦,0.0
代开地税发票,上门量,0.0
代开地税发票,e8c,0.0
代开增值税,時髦,0.0
代开增值税,上门量,0.0
代开增值税,e8c,0.0
代开安装发票,時髦,0.0
代开安装发票,上门量,0.0
代开安装发票,e8c,0.0
代开山东地税发票,時髦,0.0
代开山东地税发票,上门量,0.0
代开山东地税发票,e8c,0.0
代开广告发票,時髦,0.0
代开广告发票,上门量,0.0
代开广告发票,e8c,0.0
代开广西发票,時髦,0.0
代开广西发票,上门量,0.0
代开广西发票,e8c,0.0
代开建筑发票,時髦,0.0
代开建筑发票,上门量,0.0
代开建筑发票,e8c,0.0
代开普通发票,時髦,0.0
代开普通发票,上门量,0.0
代开普通发票,e8c,0.0
代开普通商品销售发票,時髦,0.0
代开普通商品销售发票,上门量,0.0
代开普通商品销售发票,e8c,0.0
代开服务发票,時髦,0.0
代开服务发票,上门量,0.0
代开服务发票,e8c,0.0
代开河北地税发票,時髦,0.0
代开河北地税发票,上门量,0.0
代开河北地税发票,e8c,0.0
代开租赁发票,時髦,0.0
代开租赁发票,上门量,0.0
代开租赁发票,e8c,0.0
代开维修发票,時髦,0.0
代开维修发票,上门量,0.0
代开维修发票,e8c,0.0
代开运输发票,時髦,0.0
代开运输发票,上门量,0.0
代开运输发票,e8c,0.0
代开避税发票,時髦,0.0
代开避税发票,上门量,0.0
代开避税发票,e8c,0.0
代开餐饮发票,時髦,0.0
代开餐饮发票,上门量,0.0
代开餐饮发票,e8c,0.0
代理代开行业税票,時髦,0.0
代理代开行业税票,上门量,0.0
代理代开行业税票,e8c,0.0
代理假币批发,時髦,0.0
代理假币批发,上门量,0.0
代理假币批发,e8c,0.0
代理办证刻章电话,時髦,0.0
代理办证刻章电话,上门量,0.0
代理办证刻章电话,e8c,0.0
代缴发票,時髦,0.0
代缴发票,上门量,0.0
代缴发票,e8c,0.0
代缴税,時髦,0.0
代缴税,上门量,0.0
代缴税,e8c,0.0
代开,代开发票,0.8790251016616821
代开,劳务发票,0.8355652093887329
代开,开普通发票,0.8296164274215698
代开广州税票,時髦,0.0
代开广州税票,上门量,0.0
代开广州税票,e8c,0.0
代开销售发票,時髦,0.0
代开销售发票,上门量,0.0
代开销售发票,e8c,0.0
代开广州酦票,時髦,0.0
代开广州酦票,上门量,0.0
代开广州酦票,e8c,0.0
代开发票,代开,0.8790252208709717
代开发票,代开增值税专用发票,0.8745924234390259
代开发票,申请代开,0.8712922930717468
代开福建税票,時髦,0.0
代开福建税票,上门量,0.0
代开福建税票,e8c,0.0
令狐计划,時髦,0.0
令狐计划,上门量,0.0
令狐计划,e8c,0.0
以血护法,時髦,0.0
以血护法,上门量,0.0
以血护法,e8c,0.0
以身护法,時髦,0.0
以身护法,上门量,0.0
以身护法,e8c,0.0
任建新,李华林,0.6698819994926453
任建新,王海荣,0.660968005657196
任建新,李海峰,0.6423161029815674
任意显,時髦,0.0
任意显,上门量,0.0
任意显,e8c,0.0
任泽民,時髦,0.0
任泽民,上门量,0.0
任泽民,e8c,0.0
仿真假钞,時髦,0.0
仿真假钞,上门量,0.0
仿真假钞,e8c,0.0
仿真枪诚信经营,時髦,0.0
仿真枪诚信经营,上门量,0.0
仿真枪诚信经营,e8c,0.0
仿真气枪,時髦,0.0
仿真气枪,上门量,0.0
仿真气枪,e8c,0.0
诚信经营,诚实经营,0.8974338173866272
诚信经营,守法经营,0.8695416450500488
诚信经营,文明经营,0.8323467969894409
伊扎布特,時髦,0.0
伊扎布特,上门量,0.0
伊扎布特,e8c,0.0
伊斯兰运动,時髦,0.0
伊斯兰运动,上门量,0.0
伊斯兰运动,e8c,0.0
伊东,樱井,0.8157861232757568
伊东,吉田,0.8096184730529785
伊东,山田,0.7840881943702698
伊波拉瘟疫,時髦,0.0
伊波拉瘟疫,上门量,0.0
伊波拉瘟疫,e8c,0.0
伍凡,曹长青,0.7674139738082886
伍凡,陈破空,0.7406773567199707
伍凡,郑中原,0.6679303646087646
众里寻一的视频,時髦,0.0
众里寻一的视频,上门量,0.0
众里寻一的视频,e8c,0.0
优化官员,時髦,0.0
优化官员,上门量,0.0
优化官员,e8c,0.0
优昙婆罗花,优昙花,0.6290097236633301
优昙婆罗花,菩提树,0.610159158706665
优昙婆罗花,奇花,0.5974639654159546
传真群发,時髦,0.0
传真群发,上门量,0.0
传真群发,e8c,0.0
伦公,時髦,0.0
伦公,上门量,0.0
伦公,e8c,0.0
伦功,時髦,0.0
伦功,上门量,0.0
伦功,e8c,0.0
伦攻,時髦,0.0
伦攻,上门量,0.0
伦攻,e8c,0.0
伦敦西藏网,時髦,0.0
伦敦西藏网,上门量,0.0
伦敦西藏网,e8c,0.0
伪民运,時髦,0.0
伪民运,上门量,0.0
伪民运,e8c,0.0
伪水,時髦,0.0
伪水,上门量,0.0
伪水,e8c,0.0
伪装美女,時髦,0.0
伪装美女,上门量,0.0
伪装美女,e8c,0.0
伯希来,時髦,0.0
伯希来,上门量,0.0
伯希来,e8c,0.0
伴我淫,時髦,0.0
伴我淫,上门量,0.0
伴我淫,e8c,0.0
低价批发,大量批发,0.8216541409492493
低价批发,批发出售,0.8071184754371643
低价批发,厂家直供,0.7666708827018738
体检,去体检,0.8371335864067078
体检,入职体检,0.8351602554321289
体检,入学体检,0.8253644704818726
何勇,黄勇,0.746027946472168
何勇,李剑,0.739349901676178
何勇,蒋明,0.7379419803619385
余秋里,彭绍辉,0.8860287070274353
余秋里,李聚奎,0.882318913936615
余秋里,钟赤兵,0.8763138651847839
余英时,徐复观,0.8994084000587463
余英时,钱穆,0.8826241493225098
余英时,李泽厚,0.865318775177002
警棍,电击枪,0.7937755584716797
警棍,棒球棍,0.7868296504020691
警棍,防暴盾牌,0.7822561264038086
你他妈,你他妈的,0.9657058119773865
你他妈,你tmd,0.9333040118217468
你他妈,你tm,0.9306098222732544
你妈的,時髦,0.0
你妈的,上门量,0.0
你妈的,e8c,0.0
你妈逼,你麻痹,0.8865360021591187
你妈逼,你妹,0.8761887550354004
你妈逼,你妹啊,0.8668102025985718
